-- phpMyAdmin SQL Dump
-- version 4.2.11
-- http://www.phpmyadmin.net
--
-- Host: 127.0.0.1
-- Generation Time: Jul 09, 2018 at 03:25 PM
-- Server version: 5.6.21
-- PHP Version: 5.6.3

SET SQL_MODE = "NO_AUTO_VALUE_ON_ZERO";
SET time_zone = "+00:00";


/*!40101 SET @OLD_CHARACTER_SET_CLIENT=@@CHARACTER_SET_CLIENT */;
/*!40101 SET @OLD_CHARACTER_SET_RESULTS=@@CHARACTER_SET_RESULTS */;
/*!40101 SET @OLD_COLLATION_CONNECTION=@@COLLATION_CONNECTION */;
/*!40101 SET NAMES utf8 */;

--
-- Database: `ecomm`
--

-- --------------------------------------------------------

--
-- Table structure for table `cart`
--

CREATE TABLE IF NOT EXISTS `cart` (
`id` int(11) NOT NULL,
  `user_id` int(11) NOT NULL,
  `product_id` int(11) NOT NULL,
  `quantity` int(11) NOT NULL
) ENGINE=InnoDB AUTO_INCREMENT=9 DEFAULT CHARSET=latin1;

-- --------------------------------------------------------

--
-- Table structure for table `category`
--

CREATE TABLE IF NOT EXISTS `category` (
  `id` int(11) NOT NULL,
  `name` varchar(100) NOT NULL,
  `cat_slug` varchar(150) NOT NULL,
  `cat_desc` text NOT NULL
) ENGINE=InnoDB AUTO_INCREMENT=5 DEFAULT CHARSET=latin1;

--
-- Dumping data for table `category`
--

INSERT INTO `category` (`id`, `name`, `cat_slug`, `cat_desc`) VALUES
(1, 'Onyx', 'onyx', 'Onyx is a type of natural stone that belongs to the quartz family.'),
(2, 'Natural stones', 'natural-stones', 'Natural cladding stones are popular choices for enhancing the appearance of buildings and outdoor structures.'),
(3, 'Mazeras stones', 'mazeras-stones', 'Mazeras stones are a type of natural stone commonly found in Kenya, specifically in the Mazeras area near the coastal region.'),
(4, 'Marble stones', 'marble-stones', 'Marble is a type of metamorphic rock that forms from the recrystallization of limestone under conditions of high temperature and pressure.'),
(5, 'Coral stones', 'coral-stones', 'Coral stone, also known as coralina or coral limestone, is a type of sedimentary rock formed from the skeletal remains of marine organisms such as coral polyps and shellfish.');

-- --------------------------------------------------------

--
-- Table structure for table `details`
--

CREATE TABLE IF NOT EXISTS `details` (
`id` int(11) NOT NULL,
  `sales_id` int(11) NOT NULL,
  `product_id` int(11) NOT NULL,
  `quantity` int(11) NOT NULL
) ENGINE=InnoDB AUTO_INCREMENT=21 DEFAULT CHARSET=latin1;

--
-- Dumping data for table `details`
--

INSERT INTO `details` (`id`, `sales_id`, `product_id`, `quantity`) VALUES
(21, 11, 40, 2),
(22, 12, 41, 1),
(23, 12, 39, 1),
(24, 13, 39, 1),
(25, 13, 35, 1);

-- --------------------------------------------------------

--
-- Table structure for table `products`
--

CREATE TABLE IF NOT EXISTS `products` (
  `id` int(11) NOT NULL,
  `category_id` int(11) NOT NULL,
  `name` text NOT NULL,
  `description` text NOT NULL,
  `slug` varchar(200) NOT NULL,
  `price` double NOT NULL,
  `photo` varchar(200) NOT NULL,
  `date_view` date NOT NULL,
  `counter` int(11) NOT NULL
) ENGINE=InnoDB AUTO_INCREMENT=30 DEFAULT CHARSET=latin1;

--
-- Dumping data for table `products`
--

INSERT INTO `products` (`id`, `category_id`, `name`, `description`, `slug`, `price`, `photo`, `date_view`, `counter`) VALUES
(32, 8, 'Yellow Mazeras', '<p>Mazeras is a popular cladding stone whose origin is coastal Kenya and it&rsquo;s mined from the ground in sheets.</p>\r\n', 'yellow-mazeras', 1400, 'yellow-mazeras.jpg', '2024-03-23', 1),
(33, 8, 'Red Mazeras', '<p>Surface Pro 4 powers through everything you need to do, while being lighter than ever before</p>\r\n\r\n<p>The 12.3 PixelSense screen has extremely high contrast and low glare so you can work through the day without straining your eyes</p>\r\n\r\n<p>keyboard is not included and needed to be purchased separately</p>\r\n\r\n<p>Features an Intel Core i5 6th Gen (Skylake) Core,Wireless: 802.11ac Wi-Fi wireless networking; IEEE 802.11a/b/g/n compatible Bluetooth 4.0 wireless technology</p>\r\n\r\n<p>Ships in Consumer packaging.</p>\r\n', 'red-mazeras', 1500, 'red-mazeras.jpg', '0000-00-00', 0),
(34, 8, 'Yellow Mazeras Chisel Pattern', '<p>Dell&#39;s 15.6-inch, midrange notebook is a bland, chunky block. It has long been the case that the Inspiron lineup lacks any sort of aesthetic muse, and the Inspiron 15 5000 follows this trend. It&#39;s a plastic, silver slab bearing Dell&#39;s logo in a mirror sheen.</p>\r\n\r\n<p>Lifting the lid reveals the 15.6-inch, 1080p screen surrounded by an almost offensively thick bezel and a plastic deck with a faux brushed-metal look. There&#39;s a fingerprint reader on the power button, and the keyboard is a black collection of island-style keys.</p>\r\n', 'yellow-mazeras-chisel-pattern', 1900, 'yellow-mazeras-chisel-pattern.jpg', '0000-00-00', 0),
(35, 5, 'Yellow Bush Stone Hammered Pattern" Laptop - Grey', '<p>- Made for portability with a slim, lightweight chassis design&nbsp;<br />\r\n<br />\r\n- Powerful processing helps you create and produce on the go&nbsp;<br />\r\n<br />\r\n- Full HD screen ensures crisp visuals for movies, web pages, photos and more&nbsp;<br />\r\n<br />\r\n- Enjoy warm, sparkling sound courtesy of two Harman speakers and Dolby Audio&nbsp;<br />\r\n<br />\r\n- Fast data transfer and high-quality video connection with USB-C and HDMI ports&nbsp;<br />\r\n<br />\r\nThe Lenovo&nbsp;<strong>IdeaPad 320s-14IKB 14&quot; Laptop</strong>&nbsp;is part of our Achieve range, which has the latest tech to help you develop your ideas and work at your best. It&#39;s great for editing complex documents, business use, editing photos, and anything else you do throughout the day.</p>\r\n', 'yellow-bush-stone-hammered-pattern', 2200, 'yellow-bush-stone-hammered-pattern.jpg', '2024-03-23', 1),
(36, 5, 'Wood Stone', '<p>9.7 inch Retina Display, 2048 x 1536 Resolution, Wide Color and True Tone Display</p>\r\n\r\n<p>Apple iOS 9, A9X chip with 64bit architecture, M9 coprocessor</p>\r\n\r\n<p>12 MP iSight Camera, True Tone Flash, Panorama (up to 63MP), Four-Speaker Audio</p>\r\n\r\n<p>Up to 10 Hours of Battery Life</p>\r\n\r\n<p>iPad Pro Supports Apple Smart Keyboard and Apple Pencil</p>\r\n', 'wood-stone', 1900, 'wood-stone.jpg', '0000-00-00', 0),
(37, 5, 'Wood Stone Bush Hammered Pattern', '<p>15-inch laptop delivering an exceptional viewing experience, a head-turning finish and an array of options designed to elevate your entertainment, wherever you go.</p>\r\n', 'wood-stone-bush-hammered-pattern', 2600, 'wood-stone-bush-hammered-pattern.jpeg', '0000-00-00', 0),
(38, 8, 'Green Mazeras', '<p>4K video recording at 30 fps</p>\r\n\r\n<p>12-megapixel camera</p>\r\n\r\n<p>Fingerprint resistant coating</p>\r\n\r\n<p>Antireflective coating</p>\r\n\r\n<p>Face Time video calling</p>\r\n', 'green-mazeras', 1500, 'green-mazeras.jpg', '2024-03-19', 1),
(39, 5, 'Tanga Stone', '<p>Versatile Windows 10 device with keyboard and pen included, 2-in-1 functionality: use as both laptop and tablet.Update Windows periodically to ensure that your applications have the latest security settings.</p>\r\n\r\n<p>All day battery life, rated up to 11 hours of video playback; 128GB Solid State storage. Polymer Battery.With up to 11 hours between charges, you can be sure that Transformer Mini T102HA will be right there whenever you need it. You can charge T102HA via its micro USB port, so you can use a mobile charger or any power bank with a micro USB connector.</p>\r\n', 'tanga-stone', 2600, 'tanga-stone.jpg', '2024-03-22', 1),
(40, 5, 'Limestone', '<p>- Top performance for playing eSports and more&nbsp;<br />\r\n<br />\r\n- NVIDIA GeForce GTX graphics deliver smooth visuals&nbsp;<br />\r\n<br />\r\n- GeForce Experience delivers updates straight to your PC&nbsp;<br />\r\n<br />\r\nThe PC Specialist&nbsp;<strong>Vortex Core Lite&nbsp;</strong>is part of our Gaming range, bringing you the most impressive PCs available today. It has spectacular graphics and fast processing performance to suit the most exacting players.</p>\r\n', 'limestone', 1500, 'limestone.jpg', '2024-03-22', 3),
(41, 6, 'Black Marquina marble', '<p>All-new gaming desktop featuring powerful AMD Ryzen&trade; processors, graphics ready for VR, LED lighting and a meticulous design for optimal cooling.</p>\r\n', 'black-marquina-marble', 25500, 'black-marquina.jpg', '2024-03-22', 8),
(42, 6, 'Dark Emperador Marble', '<p>What&#39;s inside matters.</p>\r\n\r\n<p>Without proper cooling, top tierperformance never reaches its fullpotential.</p>\r\n\r\n<p>Nine lighting zones accentuate theaggressive lines and smooth blackfinish of this unique galvanized steelcase.</p>\r\n', 'dark-emperador-marble', 27500, 'dark-emperador-marble.jpg', '2024-03-23', 1);

-- --------------------------------------------------------

--
-- Table structure for table `sales`
--

CREATE TABLE IF NOT EXISTS `sales` (
`id` int(11) NOT NULL,
  `user_id` int(11) NOT NULL,
  `pay_id` varchar(50) NOT NULL,
  `sales_date` date NOT NULL
) ENGINE=InnoDB AUTO_INCREMENT=11 DEFAULT CHARSET=latin1;

--
-- Dumping data for table `sales`
--

INSERT INTO `sales` (`id`, `user_id`, `pay_id`, `sales_date`) VALUES
(11, 9, 'PAYID-MX5LYHA5AS24260DF2499536', '2024-03-20'),
(12, 9, 'PAYID-MX5LZZQ5RA939658W299035G', '2024-03-20'),
(13, 9, 'PAYID-MX5MAXA80587580BX2252610', '2024-03-20');

-- --------------------------------------------------------

--
-- Table structure for table `users`
--

CREATE TABLE IF NOT EXISTS `users` (
`id` int(11) NOT NULL,
  `email` varchar(200) NOT NULL,
  `password` varchar(60) NOT NULL,
  `type` int(1) NOT NULL,
  `firstname` varchar(50) NOT NULL,
  `lastname` varchar(50) NOT NULL,
  `address` text NOT NULL,
  `contact_info` varchar(100) NOT NULL,
  `photo` varchar(200) NOT NULL,
  `status` int(1) NOT NULL,
  `activate_code` varchar(15) NOT NULL,
  `reset_code` varchar(15) NOT NULL,
  `created_on` date NOT NULL
) ENGINE=InnoDB AUTO_INCREMENT=13 DEFAULT CHARSET=latin1;

--
-- Dumping data for table `users`
--

INSERT INTO `users` (`id`, `email`, `password`, `type`, `firstname`, `lastname`, `address`, `contact_info`, `photo`, `status`, `activate_code`, `reset_code`, `created_on`) VALUES
(1, 'admin@admin.com', '$2y$10$0SHFfoWzz8WZpdu9Qw//E.tWamILbiNCX7bqhy3od0gvK5.kSJ8N2', 1, 'Code', 'Projects', '', '', 'thanos1.jpg', 1, '', '', '2018-05-01'),
(9, 'harry@den.com', '$2y$10$Oongyx.Rv0Y/vbHGOxywl.qf18bXFiZOcEaI4ZpRRLzFNGKAhObSC', 0, 'Harry', 'Den', 'Silay City, Negros Occidental', '09092735719', 'male2.png', 1, 'k8FBpynQfqsv', 'wzPGkX5IODlTYHg', '2018-05-09'),
(12, 'christine@gmail.com', '$2y$10$ozW4c8r313YiBsf7HD7m6egZwpvoE983IHfZsPRxrO1hWXfPRpxHO', 0, 'Christine', 'becker', 'demo', '7542214500', 'female3.jpg', 1, '', '', '2018-07-09');

--
-- Indexes for dumped tables
--

--
-- Indexes for table `cart`
--
ALTER TABLE `cart`
 ADD PRIMARY KEY (`id`);

--
-- Indexes for table `category`
--
ALTER TABLE `category`
 ADD PRIMARY KEY (`id`);

--
-- Indexes for table `details`
--
ALTER TABLE `details`
 ADD PRIMARY KEY (`id`);

--
-- Indexes for table `products`
--
ALTER TABLE `products`
 ADD PRIMARY KEY (`id`);

--
-- Indexes for table `sales`
--
ALTER TABLE `sales`
 ADD PRIMARY KEY (`id`);

--
-- Indexes for table `users`
--
ALTER TABLE `users`
 ADD PRIMARY KEY (`id`);

--
-- AUTO_INCREMENT for dumped tables
--

--
-- AUTO_INCREMENT for table `cart`
--
ALTER TABLE `cart`
MODIFY `id` int(11) NOT NULL AUTO_INCREMENT,AUTO_INCREMENT=9;
--
-- AUTO_INCREMENT for table `category`
--
ALTER TABLE `category`
MODIFY `id` int(11) NOT NULL AUTO_INCREMENT,AUTO_INCREMENT=5;
--
-- AUTO_INCREMENT for table `details`
--
ALTER TABLE `details`
MODIFY `id` int(11) NOT NULL AUTO_INCREMENT,AUTO_INCREMENT=21;
--
-- AUTO_INCREMENT for table `products`
--
ALTER TABLE `products`
MODIFY `id` int(11) NOT NULL AUTO_INCREMENT,AUTO_INCREMENT=30;
--
-- AUTO_INCREMENT for table `sales`
--
ALTER TABLE `sales`
MODIFY `id` int(11) NOT NULL AUTO_INCREMENT,AUTO_INCREMENT=11;
--
-- AUTO_INCREMENT for table `users`
--
ALTER TABLE `users`
MODIFY `id` int(11) NOT NULL AUTO_INCREMENT,AUTO_INCREMENT=13;
/*!40101 SET CHARACTER_SET_CLIENT=@OLD_CHARACTER_SET_CLIENT */;
/*!40101 SET CHARACTER_SET_RESULTS=@OLD_CHARACTER_SET_RESULTS */;
/*!40101 SET COLLATION_CONNECTION=@OLD_COLLATION_CONNECTION */;
